Indicators,Window Size,Forecast Window,R2,Accuracy,Profit Index
"20MA, 50MA, RSI, MACD, Upper_BB, Lower_BB",60,1,0.9602145535659724,97.08333333333333,0.8377437055812559
"20MA, 50MA, RSI, MACD, Upper_BB, Lower_BB",60,30,-0.17438558918586722,21.940928270042196,1.0458666900725786
"20MA, 50MA, RSI, MACD, Upper_BB, Lower_BB",5,1,0.9711150243791757,97.5609756097561,0.7667446619308785
"20MA, 50MA, RSI, MACD, Upper_BB, CCI",60,1,0.956213211931922,95.83333333333334,0.7394559351499509
"20MA, 50MA, RSI, MACD, Upper_BB, CCI",60,30,-0.25526993352274796,20.675105485232066,0.9640943761060403
"20MA, 50MA, RSI, MACD, Upper_BB, CCI",5,1,0.9711502782070278,97.5609756097561,0.8174501171369157
"20MA, 50MA, RSI, MACD, Upper_BB, ATR",60,1,0.9588684722990416,96.66666666666667,0.6332924691967933
"20MA, 50MA, RSI, MACD, Upper_BB, ATR",60,30,-0.08809253085288082,25.31645569620253,0.9158993411373983
"20MA, 50MA, RSI, MACD, Upper_BB, ATR",5,1,0.9710866378859798,97.15447154471545,0.8368047133397389
"20MA, 50MA, RSI, MACD, Upper_BB, Williams_%R",60,1,0.9587195183467848,96.25,0.8145141892007588
"20MA, 50MA, RSI, MACD, Upper_BB, Williams_%R",60,30,-0.4590605908793106,16.877637130801688,0.8301490483911058
"20MA, 50MA, RSI, MACD, Upper_BB, Williams_%R",5,1,0.9710590061187956,97.96747967479675,0.8325189226835666
"20MA, 50MA, RSI, MACD, Upper_BB, OBV",60,1,0.9587247583516668,96.66666666666667,0.8617288197352795
"20MA, 50MA, RSI, MACD, Upper_BB, OBV",60,30,-0.06712420569560917,21.518987341772153,1.0681060542325338
"20MA, 50MA, RSI, MACD, Upper_BB, OBV",5,1,0.9705635484070856,97.15447154471545,0.8204278635647039
"20MA, 50MA, RSI, MACD, Lower_BB, CCI",60,1,0.9562132119317246,95.83333333333334,0.7394559351499509
"20MA, 50MA, RSI, MACD, Lower_BB, CCI",60,30,-0.255269933528002,20.675105485232066,0.9640943761060403
"20MA, 50MA, RSI, MACD, Lower_BB, CCI",5,1,0.9711502782070277,97.5609756097561,0.8174501171369157
"20MA, 50MA, RSI, MACD, Lower_BB, ATR",60,1,0.9588684722988529,96.66666666666667,0.6332924691967933
"20MA, 50MA, RSI, MACD, Lower_BB, ATR",60,30,-0.08809253083773227,25.31645569620253,0.9158993411373983
"20MA, 50MA, RSI, MACD, Lower_BB, ATR",5,1,0.9710866378859799,97.15447154471545,0.8368047133397389
"20MA, 50MA, RSI, MACD, Lower_BB, Williams_%R",60,1,0.9587195183469834,96.25,0.8145141892007588
"20MA, 50MA, RSI, MACD, Lower_BB, Williams_%R",60,30,-0.45906059093158835,16.877637130801688,0.8301490483911058
"20MA, 50MA, RSI, MACD, Lower_BB, Williams_%R",5,1,0.9710590061187956,97.96747967479675,0.8325189226835666
"20MA, 50MA, RSI, MACD, Lower_BB, OBV",60,1,0.9587247583517325,96.66666666666667,0.8617288197352795
"20MA, 50MA, RSI, MACD, Lower_BB, OBV",60,30,-0.06712420567255939,21.518987341772153,1.0681060542325338
"20MA, 50MA, RSI, MACD, Lower_BB, OBV",5,1,0.9705635484070854,97.15447154471545,0.8204278635647039
"20MA, 50MA, RSI, MACD, CCI, ATR",60,1,0.9582527510579537,95.83333333333334,0.6097477210112127
"20MA, 50MA, RSI, MACD, CCI, ATR",60,30,-0.20119549153447935,26.160337552742618,0.8692262133120384
"20MA, 50MA, RSI, MACD, CCI, ATR",5,1,0.9710213611510051,97.15447154471545,0.790954367026996
"20MA, 50MA, RSI, MACD, CCI, Williams_%R",60,1,0.9589759862822456,95.83333333333334,0.7042386255860897
"20MA, 50MA, RSI, MACD, CCI, Williams_%R",60,30,-0.3018682783544735,21.518987341772153,0.9390824452522436
"20MA, 50MA, RSI, MACD, CCI, Williams_%R",5,1,0.9710938023297524,97.96747967479675,0.8172447590778225
"20MA, 50MA, RSI, MACD, CCI, OBV",60,1,0.9586885121841002,95.41666666666667,0.773585767718702
"20MA, 50MA, RSI, MACD, CCI, OBV",60,30,-0.0896455593868426,24.894514767932492,1.0269591275737076
"20MA, 50MA, RSI, MACD, CCI, OBV",5,1,0.9709850975649906,97.5609756097561,0.695756408074564
"20MA, 50MA, RSI, MACD, ATR, Williams_%R",60,1,0.9593914442764321,96.25,0.7910971975854727
"20MA, 50MA, RSI, MACD, ATR, Williams_%R",60,30,-0.43259281153155427,23.628691983122362,0.8283008615306681
"20MA, 50MA, RSI, MACD, ATR, Williams_%R",5,1,0.9709617306163739,97.5609756097561,0.8713940602421755
"20MA, 50MA, RSI, MACD, ATR, OBV",60,1,0.9594910254153967,98.33333333333333,0.8625405207341708
"20MA, 50MA, RSI, MACD, ATR, OBV",60,30,-0.13727992263176825,26.582278481012654,0.9325087960365439
"20MA, 50MA, RSI, MACD, ATR, OBV",5,1,0.9705058907344718,96.7479674796748,0.7935762992192639
"20MA, 50MA, RSI, MACD, Williams_%R, OBV",60,1,0.9597316030708594,96.66666666666667,0.752518205845019
"20MA, 50MA, RSI, MACD, Williams_%R, OBV",60,30,-0.3131303108131258,20.675105485232066,0.9025183371821024
"20MA, 50MA, RSI, MACD, Williams_%R, OBV",5,1,0.9707884936690336,97.5609756097561,0.7471010810210105
"20MA, 50MA, RSI, Upper_BB, Lower_BB, CCI",60,1,0.9558272574439343,95.83333333333334,0.6899074210624593
"20MA, 50MA, RSI, Upper_BB, Lower_BB, CCI",60,30,-0.3945854140598106,20.675105485232066,0.8389774160417781
"20MA, 50MA, RSI, Upper_BB, Lower_BB, CCI",5,1,0.971436579299894,97.5609756097561,0.8663135538822726
"20MA, 50MA, RSI, Upper_BB, Lower_BB, ATR",60,1,0.9584436606060401,96.66666666666667,0.6057652779988162
"20MA, 50MA, RSI, Upper_BB, Lower_BB, ATR",60,30,-0.21794259783618997,24.894514767932492,0.8632669993440913
"20MA, 50MA, RSI, Upper_BB, Lower_BB, ATR",5,1,0.9712331744783277,97.15447154471545,0.8670101223385079
"20MA, 50MA, RSI, Upper_BB, Lower_BB, Williams_%R",60,1,0.9583737067314035,96.25,0.8084834265595214
"20MA, 50MA, RSI, Upper_BB, Lower_BB, Williams_%R",60,30,-0.5237904311565,18.9873417721519,0.6459016881928606
"20MA, 50MA, RSI, Upper_BB, Lower_BB, Williams_%R",5,1,0.9712396201672376,97.96747967479675,0.8303187071127089
"20MA, 50MA, RSI, Upper_BB, Lower_BB, OBV",60,1,0.9581875623472635,96.66666666666667,0.8142761661886945
"20MA, 50MA, RSI, Upper_BB, Lower_BB, OBV",60,30,-0.39062094723494756,21.09704641350211,0.8667629002931261
"20MA, 50MA, RSI, Upper_BB, Lower_BB, OBV",5,1,0.9707700905671448,97.15447154471545,0.7452328566049365
"20MA, 50MA, RSI, Upper_BB, CCI, ATR",60,1,0.9543772775039244,95.83333333333334,0.7113252624758059
"20MA, 50MA, RSI, Upper_BB, CCI, ATR",60,30,-0.27526374489108596,28.691983122362867,0.8248809752305156
"20MA, 50MA, RSI, Upper_BB, CCI, ATR",5,1,0.971312973708638,97.5609756097561,0.8937557201860565
"20MA, 50MA, RSI, Upper_BB, CCI, Williams_%R",60,1,0.9540344076064269,95.0,0.6266888870008239
"20MA, 50MA, RSI, Upper_BB, CCI, Williams_%R",60,30,-0.4882260575349686,16.455696202531644,0.8324485022149245
"20MA, 50MA, RSI, Upper_BB, CCI, Williams_%R",5,1,0.9711583270613986,97.96747967479675,0.8971366880586569
"20MA, 50MA, RSI, Upper_BB, CCI, OBV",60,1,0.9544335195601962,95.83333333333334,0.8668821979362631
"20MA, 50MA, RSI, Upper_BB, CCI, OBV",60,30,-0.45380358803404763,20.675105485232066,0.7346810144525316
"20MA, 50MA, RSI, Upper_BB, CCI, OBV",5,1,0.971007187162344,97.5609756097561,0.7401886696597407
"20MA, 50MA, RSI, Upper_BB, ATR, Williams_%R",60,1,0.9565197471018887,97.08333333333333,0.670015758470246
"20MA, 50MA, RSI, Upper_BB, ATR, Williams_%R",60,30,-0.46503075539545735,23.628691983122362,0.7134250344855804
"20MA, 50MA, RSI, Upper_BB, ATR, Williams_%R",5,1,0.9711528462066759,97.5609756097561,0.8208540057118109
"20MA, 50MA, RSI, Upper_BB, ATR, OBV",60,1,0.9568984261953122,97.08333333333333,0.7562668101305933
"20MA, 50MA, RSI, Upper_BB, ATR, OBV",60,30,-0.36790933113085855,28.270042194092827,0.873055981360493
"20MA, 50MA, RSI, Upper_BB, ATR, OBV",5,1,0.9706994837359612,96.7479674796748,0.7529172104592691
"20MA, 50MA, RSI, Upper_BB, Williams_%R, OBV",60,1,0.9566909574205824,95.83333333333334,0.9181598211409446
"20MA, 50MA, RSI, Upper_BB, Williams_%R, OBV",60,30,-0.6774076978603596,15.611814345991561,0.7932951131919939
"20MA, 50MA, RSI, Upper_BB, Williams_%R, OBV",5,1,0.9707678589587375,97.96747967479675,0.8213826402966368
"20MA, 50MA, RSI, Lower_BB, CCI, ATR",60,1,0.954377277503925,95.83333333333334,0.7113252624758059
"20MA, 50MA, RSI, Lower_BB, CCI, ATR",60,30,-0.27526374489121297,28.691983122362867,0.8248809752305156
"20MA, 50MA, RSI, Lower_BB, CCI, ATR",5,1,0.9713129737086381,97.5609756097561,0.8937557201860565
"20MA, 50MA, RSI, Lower_BB, CCI, Williams_%R",60,1,0.9540344076064401,95.0,0.6266888870008239
"20MA, 50MA, RSI, Lower_BB, CCI, Williams_%R",60,30,-0.48822605753498616,16.455696202531644,0.8324485022149245
"20MA, 50MA, RSI, Lower_BB, CCI, Williams_%R",5,1,0.9711583270613985,97.96747967479675,0.8971366880586569
"20MA, 50MA, RSI, Lower_BB, CCI, OBV",60,1,0.9544335195601892,95.83333333333334,0.8668821979362631
"20MA, 50MA, RSI, Lower_BB, CCI, OBV",60,30,-0.45380358803424103,20.675105485232066,0.7346810144525316
"20MA, 50MA, RSI, Lower_BB, CCI, OBV",5,1,0.971007187162344,97.5609756097561,0.7401886696597407
"20MA, 50MA, RSI, Lower_BB, ATR, Williams_%R",60,1,0.9565197471018831,97.08333333333333,0.670015758470246
"20MA, 50MA, RSI, Lower_BB, ATR, Williams_%R",60,30,-0.4650307553954738,23.628691983122362,0.7134250344855804
"20MA, 50MA, RSI, Lower_BB, ATR, Williams_%R",5,1,0.971152846206676,97.5609756097561,0.8208540057118109
"20MA, 50MA, RSI, Lower_BB, ATR, OBV",60,1,0.9568984261953273,97.08333333333333,0.7562668101305933
"20MA, 50MA, RSI, Lower_BB, ATR, OBV",60,30,-0.367909331130833,28.270042194092827,0.873055981360493
"20MA, 50MA, RSI, Lower_BB, ATR, OBV",5,1,0.9706994837359608,96.7479674796748,0.7529172104592691
"20MA, 50MA, RSI, Lower_BB, Williams_%R, OBV",60,1,0.9566909574205711,95.83333333333334,0.9181598211409446
"20MA, 50MA, RSI, Lower_BB, Williams_%R, OBV",60,30,-0.6774076978604002,15.611814345991561,0.7932951131919939
"20MA, 50MA, RSI, Lower_BB, Williams_%R, OBV",5,1,0.9707678589587376,97.96747967479675,0.8213826402966368
"20MA, 50MA, RSI, CCI, ATR, Williams_%R",60,1,0.9553969201123927,95.41666666666667,0.6532757641234217
"20MA, 50MA, RSI, CCI, ATR, Williams_%R",60,30,-0.4809170531090827,23.20675105485232,0.764625328532869
"20MA, 50MA, RSI, CCI, ATR, Williams_%R",5,1,0.9710786640835346,97.5609756097561,0.9146237503951928
"20MA, 50MA, RSI, CCI, ATR, OBV",60,1,0.9559746582349665,95.41666666666667,0.7549348165566822
"20MA, 50MA, RSI, CCI, ATR, OBV",60,30,-0.47123770298030054,26.582278481012654,0.7092375962642348
"20MA, 50MA, RSI, CCI, ATR, OBV",5,1,0.9709482262583657,97.15447154471545,0.8560517047065989
"20MA, 50MA, RSI, CCI, Williams_%R, OBV",60,1,0.9564020037140851,95.83333333333334,0.7687549180500758
"20MA, 50MA, RSI, CCI, Williams_%R, OBV",60,30,-0.4749964027444462,15.18987341772152,0.8015085316938917
"20MA, 50MA, RSI, CCI, Williams_%R, OBV",5,1,0.9709370846454473,97.96747967479675,0.8561254606664305
"20MA, 50MA, RSI, ATR, Williams_%R, OBV",60,1,0.9568937795735144,96.25,0.74908121024965
"20MA, 50MA, RSI, ATR, Williams_%R, OBV",60,30,-0.8864742705739153,21.09704641350211,0.6652289222344419
"20MA, 50MA, RSI, ATR, Williams_%R, OBV",5,1,0.970726712365073,97.15447154471545,0.744671862471628
"20MA, 50MA, MACD, Upper_BB, Lower_BB, CCI",60,1,0.9592262322695753,97.08333333333333,0.832106120626919
"20MA, 50MA, MACD, Upper_BB, Lower_BB, CCI",60,30,-0.21849363822393086,22.78481012658228,1.1001575852302177
"20MA, 50MA, MACD, Upper_BB, Lower_BB, CCI",5,1,0.9710718445866784,97.15447154471545,0.8476063555263373
"20MA, 50MA, MACD, Upper_BB, Lower_BB, ATR",60,1,0.9598154949634695,96.66666666666667,0.793630089304874
"20MA, 50MA, MACD, Upper_BB, Lower_BB, ATR",60,30,-0.04509039415119198,25.31645569620253,0.9062016824840013
"20MA, 50MA, MACD, Upper_BB, Lower_BB, ATR",5,1,0.9709776173290965,97.15447154471545,0.8153797016944669
"20MA, 50MA, MACD, Upper_BB, Lower_BB, Williams_%R",60,1,0.9599233495594901,97.08333333333333,0.8627431856116209
"20MA, 50MA, MACD, Upper_BB, Lower_BB, Williams_%R",60,30,-0.267289242975278,18.565400843881857,1.092232285808721
"20MA, 50MA, MACD, Upper_BB, Lower_BB, Williams_%R",5,1,0.9708291524291315,97.96747967479675,0.8277322681171674
"20MA, 50MA, MACD, Upper_BB, Lower_BB, OBV",60,1,0.9585211056628036,97.08333333333333,0.8897940752654385
"20MA, 50MA, MACD, Upper_BB, Lower_BB, OBV",60,30,-0.16908592044775128,21.518987341772153,1.037574156103386
"20MA, 50MA, MACD, Upper_BB, Lower_BB, OBV",5,1,0.9701967772543124,97.15447154471545,0.753769376204234
"20MA, 50MA, MACD, Upper_BB, CCI, ATR",60,1,0.9586556208902265,96.25,0.8420818282008253
"20MA, 50MA, MACD, Upper_BB, CCI, ATR",60,30,-0.11129807873037145,27.004219409282697,0.9665948102984334
"20MA, 50MA, MACD, Upper_BB, CCI, ATR",5,1,0.9709411663855257,97.15447154471545,0.9104259388550021
"20MA, 50MA, MACD, Upper_BB, CCI, Williams_%R",60,1,0.9571156386704458,96.66666666666667,0.6322475869193892
"20MA, 50MA, MACD, Upper_BB, CCI, Williams_%R",60,30,-0.23113594131852433,15.611814345991561,1.1327795348113447
"20MA, 50MA, MACD, Upper_BB, CCI, Williams_%R",5,1,0.9707359488238986,97.5609756097561,0.7919709025023558
"20MA, 50MA, MACD, Upper_BB, CCI, OBV",60,1,0.9573392719482978,95.83333333333334,0.9758721546747176
"20MA, 50MA, MACD, Upper_BB, CCI, OBV",60,30,-0.09666913826945711,21.518987341772153,1.0897117946341819
"20MA, 50MA, MACD, Upper_BB, CCI, OBV",5,1,0.9704677331256063,97.5609756097561,0.7898247727969167
"20MA, 50MA, MACD, Upper_BB, ATR, Williams_%R",60,1,0.9583327721865033,97.08333333333333,0.7505352327874931
"20MA, 50MA, MACD, Upper_BB, ATR, Williams_%R",60,30,-0.19422953715087776,27.004219409282697,0.8995509872752604
"20MA, 50MA, MACD, Upper_BB, ATR, Williams_%R",5,1,0.9707675787590271,97.5609756097561,0.794602786220573
"20MA, 50MA, MACD, Upper_BB, ATR, OBV",60,1,0.957622163770936,97.08333333333333,0.8535812560299822
"20MA, 50MA, MACD, Upper_BB, ATR, OBV",60,30,-0.10605476558907889,27.848101265822784,1.033443728713868
"20MA, 50MA, MACD, Upper_BB, ATR, OBV",5,1,0.9702024478598378,96.7479674796748,0.7596142536698436
"20MA, 50MA, MACD, Upper_BB, Williams_%R, OBV",60,1,0.9585387216328549,96.25,1.0516794140327403
"20MA, 50MA, MACD, Upper_BB, Williams_%R, OBV",60,30,-0.1671940582996092,19.831223628691983,1.0460366381914032
"20MA, 50MA, MACD, Upper_BB, Williams_%R, OBV",5,1,0.9702664232448044,97.5609756097561,0.7546141429464417
"20MA, 50MA, MACD, Lower_BB, CCI, ATR",60,1,0.9586556208903809,96.25,0.8420818282008253
"20MA, 50MA, MACD, Lower_BB, CCI, ATR",60,30,-0.11129807873451059,27.004219409282697,0.9665948102984334
"20MA, 50MA, MACD, Lower_BB, CCI, ATR",5,1,0.9709411663855256,97.15447154471545,0.9104259388550021
"20MA, 50MA, MACD, Lower_BB, CCI, Williams_%R",60,1,0.9571156386701897,96.66666666666667,0.6322475869193892
"20MA, 50MA, MACD, Lower_BB, CCI, Williams_%R",60,30,-0.2311359412987497,15.611814345991561,1.1327795348113447
"20MA, 50MA, MACD, Lower_BB, CCI, Williams_%R",5,1,0.9707359488238986,97.5609756097561,0.7919709025023558
"20MA, 50MA, MACD, Lower_BB, CCI, OBV",60,1,0.9573392719479,95.83333333333334,0.9758721546747176
"20MA, 50MA, MACD, Lower_BB, CCI, OBV",60,30,-0.09666913827801604,21.518987341772153,1.0897117946341819
"20MA, 50MA, MACD, Lower_BB, CCI, OBV",5,1,0.9704677331256065,97.5609756097561,0.7898247727969167
"20MA, 50MA, MACD, Lower_BB, ATR, Williams_%R",60,1,0.9583327721866567,97.08333333333333,0.7505352327874931
"20MA, 50MA, MACD, Lower_BB, ATR, Williams_%R",60,30,-0.19422953714647617,27.004219409282697,0.8995509872752604
"20MA, 50MA, MACD, Lower_BB, ATR, Williams_%R",5,1,0.970767578759027,97.5609756097561,0.794602786220573
"20MA, 50MA, MACD, Lower_BB, ATR, OBV",60,1,0.9576221637708674,97.08333333333333,0.8535812560299822
"20MA, 50MA, MACD, Lower_BB, ATR, OBV",60,30,-0.10605476559434623,27.848101265822784,1.033443728713868
"20MA, 50MA, MACD, Lower_BB, ATR, OBV",5,1,0.9702024478598382,96.7479674796748,0.7596142536698436
"20MA, 50MA, MACD, Lower_BB, Williams_%R, OBV",60,1,0.9585387216324287,96.25,1.0516794140327403
"20MA, 50MA, MACD, Lower_BB, Williams_%R, OBV",60,30,-0.167194058314452,19.831223628691983,1.0460366381914032
"20MA, 50MA, MACD, Lower_BB, Williams_%R, OBV",5,1,0.9702664232448044,97.5609756097561,0.7546141429464417
"20MA, 50MA, MACD, CCI, ATR, Williams_%R",60,1,0.9578326372528462,96.25,0.7094207274073997
"20MA, 50MA, MACD, CCI, ATR, Williams_%R",60,30,-0.20782623510253861,21.09704641350211,0.8298389030516846
"20MA, 50MA, MACD, CCI, ATR, Williams_%R",5,1,0.9706664750524121,97.5609756097561,0.7934687834067404
"20MA, 50MA, MACD, CCI, ATR, OBV",60,1,0.9588649554658155,97.08333333333333,0.8690457016213131
"20MA, 50MA, MACD, CCI, ATR, OBV",60,30,-0.13896385615959694,28.270042194092827,0.8296906682732118
"20MA, 50MA, MACD, CCI, ATR, OBV",5,1,0.9704115849032395,97.15447154471545,0.7765942948609172
"20MA, 50MA, MACD, CCI, Williams_%R, OBV",60,1,0.9583875578895862,96.66666666666667,0.8540806407965396
"20MA, 50MA, MACD, CCI, Williams_%R, OBV",60,30,-0.1269137535358773,17.72151898734177,0.9614121991662993
"20MA, 50MA, MACD, CCI, Williams_%R, OBV",5,1,0.9704615735567375,97.96747967479675,0.6894585007654472
"20MA, 50MA, MACD, ATR, Williams_%R, OBV",60,1,0.9585345925585816,97.5,0.879498713922346
"20MA, 50MA, MACD, ATR, Williams_%R, OBV",60,30,-0.24582295971652046,23.20675105485232,0.9455913156928182
"20MA, 50MA, MACD, ATR, Williams_%R, OBV",5,1,0.9702209008591565,97.15447154471545,0.7518011611965318
"20MA, 50MA, Upper_BB, Lower_BB, CCI, ATR",60,1,0.9582191037549742,95.83333333333334,0.7819005535177008
"20MA, 50MA, Upper_BB, Lower_BB, CCI, ATR",60,30,-0.270426197513866,27.004219409282697,0.7180141550563404
"20MA, 50MA, Upper_BB, Lower_BB, CCI, ATR",5,1,0.9709968389440475,97.15447154471545,0.9094831021365241
"20MA, 50MA, Upper_BB, Lower_BB, CCI, Williams_%R",60,1,0.9567707955783179,96.66666666666667,0.5947310259433238
"20MA, 50MA, Upper_BB, Lower_BB, CCI, Williams_%R",60,30,-0.3441088371868546,17.29957805907173,0.8664614871482765
"20MA, 50MA, Upper_BB, Lower_BB, CCI, Williams_%R",5,1,0.9707773368552763,97.5609756097561,0.8159058040645457
"20MA, 50MA, Upper_BB, Lower_BB, CCI, OBV",60,1,0.95681438421902,96.25,0.9707005979616325
"20MA, 50MA, Upper_BB, Lower_BB, CCI, OBV",60,30,-0.3684290200697582,18.565400843881857,0.8294532125900436
"20MA, 50MA, Upper_BB, Lower_BB, CCI, OBV",5,1,0.9705737434761637,97.5609756097561,0.7847726819376635
"20MA, 50MA, Upper_BB, Lower_BB, ATR, Williams_%R",60,1,0.9579455737563307,96.66666666666667,0.7109810366175321
"20MA, 50MA, Upper_BB, Lower_BB, ATR, Williams_%R",60,30,-0.3591000069247523,27.42616033755274,0.6955691971049452
"20MA, 50MA, Upper_BB, Lower_BB, ATR, Williams_%R",5,1,0.9708406442963919,97.5609756097561,0.7977648719066049
"20MA, 50MA, Upper_BB, Lower_BB, ATR, OBV",60,1,0.957173404551965,96.66666666666667,0.8656618308444287
"20MA, 50MA, Upper_BB, Lower_BB, ATR, OBV",60,30,-0.39615370420514817,29.535864978902953,0.7963733705008582
"20MA, 50MA, Upper_BB, Lower_BB, ATR, OBV",5,1,0.9702546718126303,96.7479674796748,0.7625753393761776
"20MA, 50MA, Upper_BB, Lower_BB, Williams_%R, OBV",60,1,0.9580337541151599,96.25,0.9799272564796403
"20MA, 50MA, Upper_BB, Lower_BB, Williams_%R, OBV",60,30,-0.46344866515798966,19.40928270042194,0.8338547067495045
"20MA, 50MA, Upper_BB, Lower_BB, Williams_%R, OBV",5,1,0.9703648944186595,97.5609756097561,0.7347697023449333
"20MA, 50MA, Upper_BB, CCI, ATR, Williams_%R",60,1,0.9555554934482126,95.83333333333334,0.8032446052399008
"20MA, 50MA, Upper_BB, CCI, ATR, Williams_%R",60,30,-0.29234115530194016,26.582278481012654,0.680793576097925
"20MA, 50MA, Upper_BB, CCI, ATR, Williams_%R",5,1,0.9706970250221626,97.5609756097561,0.8089866498631506
"20MA, 50MA, Upper_BB, CCI, ATR, OBV",60,1,0.956027972981961,96.25,0.8478200005718043
"20MA, 50MA, Upper_BB, CCI, ATR, OBV",60,30,-0.3432284213009784,26.160337552742618,0.8208705125331444
"20MA, 50MA, Upper_BB, CCI, ATR, OBV",5,1,0.9704817399514483,97.15447154471545,0.8025620591703633
"20MA, 50MA, Upper_BB, CCI, Williams_%R, OBV",60,1,0.9554321595961951,95.83333333333334,0.9789281301721461
"20MA, 50MA, Upper_BB, CCI, Williams_%R, OBV",60,30,-0.3445174315739916,15.18987341772152,0.9069910741216328
"20MA, 50MA, Upper_BB, CCI, Williams_%R, OBV",5,1,0.9702801667373456,97.5609756097561,0.7970231431997585
"20MA, 50MA, Upper_BB, ATR, Williams_%R, OBV",60,1,0.9564841185848636,97.08333333333333,0.8239067051456171
"20MA, 50MA, Upper_BB, ATR, Williams_%R, OBV",60,30,-0.48826212519939816,27.42616033755274,0.7096989937170788
"20MA, 50MA, Upper_BB, ATR, Williams_%R, OBV",5,1,0.9703519515219642,97.5609756097561,0.7738048531093383
"20MA, 50MA, Lower_BB, CCI, ATR, Williams_%R",60,1,0.9555554934482142,95.83333333333334,0.8032446052399008
"20MA, 50MA, Lower_BB, CCI, ATR, Williams_%R",60,30,-0.2923411553019195,26.582278481012654,0.680793576097925
"20MA, 50MA, Lower_BB, CCI, ATR, Williams_%R",5,1,0.9706970250221626,97.5609756097561,0.8089866498631506
"20MA, 50MA, Lower_BB, CCI, ATR, OBV",60,1,0.9560279729819621,96.25,0.8478200005718043
"20MA, 50MA, Lower_BB, CCI, ATR, OBV",60,30,-0.34322842130084763,26.160337552742618,0.8208705125331444
"20MA, 50MA, Lower_BB, CCI, ATR, OBV",5,1,0.9704817399514484,97.15447154471545,0.8025620591703633
"20MA, 50MA, Lower_BB, CCI, Williams_%R, OBV",60,1,0.9554321595962016,95.83333333333334,0.9789281301721461
"20MA, 50MA, Lower_BB, CCI, Williams_%R, OBV",60,30,-0.3445174315739945,15.18987341772152,0.9069910741216328
"20MA, 50MA, Lower_BB, CCI, Williams_%R, OBV",5,1,0.9702801667373456,97.5609756097561,0.7970231431997585
"20MA, 50MA, Lower_BB, ATR, Williams_%R, OBV",60,1,0.9564841185848613,97.08333333333333,0.8239067051456171
"20MA, 50MA, Lower_BB, ATR, Williams_%R, OBV",60,30,-0.4882621251994219,27.42616033755274,0.7096989937170788
"20MA, 50MA, Lower_BB, ATR, Williams_%R, OBV",5,1,0.9703519515219645,97.5609756097561,0.7738048531093383
"20MA, 50MA, CCI, ATR, Williams_%R, OBV",60,1,0.9558879128469886,96.25,0.7288132257900269
"20MA, 50MA, CCI, ATR, Williams_%R, OBV",60,30,-0.532936744497186,18.9873417721519,0.7579900679684354
"20MA, 50MA, CCI, ATR, Williams_%R, OBV",5,1,0.9702628726973215,97.5609756097561,0.8083794355926783
"20MA, RSI, MACD, Upper_BB, Lower_BB, CCI",60,1,0.9590592294050344,95.83333333333334,0.8478721696052471
"20MA, RSI, MACD, Upper_BB, Lower_BB, CCI",60,30,-0.3599745576180937,18.565400843881857,0.8955641213923771
"20MA, RSI, MACD, Upper_BB, Lower_BB, CCI",5,1,0.9714256595366798,97.96747967479675,0.760516432722938
"20MA, RSI, MACD, Upper_BB, Lower_BB, ATR",60,1,0.9605911295874164,97.08333333333333,0.7521018810130926
"20MA, RSI, MACD, Upper_BB, Lower_BB, ATR",60,30,-0.18662003912367098,23.628691983122362,0.8476941322457638
"20MA, RSI, MACD, Upper_BB, Lower_BB, ATR",5,1,0.9713273132131975,97.5609756097561,0.8589093230075625
"20MA, RSI, MACD, Upper_BB, Lower_BB, Williams_%R",60,1,0.960359879706783,97.08333333333333,0.7656701318255414
"20MA, RSI, MACD, Upper_BB, Lower_BB, Williams_%R",60,30,-0.49140034783035635,16.877637130801688,0.7038630450595584
"20MA, RSI, MACD, Upper_BB, Lower_BB, Williams_%R",5,1,0.9712896386878672,97.96747967479675,0.8026651377791584
"20MA, RSI, MACD, Upper_BB, Lower_BB, OBV",60,1,0.9599496491954892,97.08333333333333,0.9461844761276379
"20MA, RSI, MACD, Upper_BB, Lower_BB, OBV",60,30,-0.2876361228773465,18.565400843881857,0.8659336039988365
"20MA, RSI, MACD, Upper_BB, Lower_BB, OBV",5,1,0.9707926926957013,97.5609756097561,0.7997793465460034
"20MA, RSI, MACD, Upper_BB, CCI, ATR",60,1,0.9574273017117121,96.25,0.8321609343951198
"20MA, RSI, MACD, Upper_BB, CCI, ATR",60,30,-0.2507502799458259,28.270042194092827,0.8472712996496843
"20MA, RSI, MACD, Upper_BB, CCI, ATR",5,1,0.9712858335079874,97.96747967479675,0.8652500531322334
"20MA, RSI, MACD, Upper_BB, CCI, Williams_%R",60,1,0.9570009987896302,95.83333333333334,0.7189423704604174
"20MA, RSI, MACD, Upper_BB, CCI, Williams_%R",60,30,-0.45815847705694734,17.72151898734177,0.7473743206779866
"20MA, RSI, MACD, Upper_BB, CCI, Williams_%R",5,1,0.971217338597372,97.96747967479675,0.763052840132549
"20MA, RSI, MACD, Upper_BB, CCI, OBV",60,1,0.957140002213814,96.25,0.8830178105131499
"20MA, RSI, MACD, Upper_BB, CCI, OBV",60,30,-0.3662227154777875,19.831223628691983,0.7713624286057285
"20MA, RSI, MACD, Upper_BB, CCI, OBV",5,1,0.9709572453119822,97.96747967479675,0.7455589008284302
"20MA, RSI, MACD, Upper_BB, ATR, Williams_%R",60,1,0.9584973296180139,95.41666666666667,0.783151533886659
"20MA, RSI, MACD, Upper_BB, ATR, Williams_%R",60,30,-0.4390483826727456,24.894514767932492,0.8268418082771261
"20MA, RSI, MACD, Upper_BB, ATR, Williams_%R",5,1,0.9711816173632396,97.5609756097561,0.8833236732445677
"20MA, RSI, MACD, Upper_BB, ATR, OBV",60,1,0.9586714606667723,97.5,0.8020482879863099
"20MA, RSI, MACD, Upper_BB, ATR, OBV",60,30,-0.2632985289421519,27.42616033755274,0.8523134440693275
"20MA, RSI, MACD, Upper_BB, ATR, OBV",5,1,0.9707492418671917,97.15447154471545,0.7998754642840369
"20MA, RSI, MACD, Upper_BB, Williams_%R, OBV",60,1,0.9583708996488413,96.66666666666667,0.8469116620749187
"20MA, RSI, MACD, Upper_BB, Williams_%R, OBV",60,30,-0.5843534005056754,14.767932489451477,0.8136966475816119
"20MA, RSI, MACD, Upper_BB, Williams_%R, OBV",5,1,0.9707971557614937,97.96747967479675,0.8226250696172634
"20MA, RSI, MACD, Lower_BB, CCI, ATR",60,1,0.9574273017117099,96.25,0.8321609343951198
"20MA, RSI, MACD, Lower_BB, CCI, ATR",60,30,-0.25075027994579546,28.270042194092827,0.8472712996496843
"20MA, RSI, MACD, Lower_BB, CCI, ATR",5,1,0.9712858335079874,97.96747967479675,0.8652500531322334
"20MA, RSI, MACD, Lower_BB, CCI, Williams_%R",60,1,0.9570009987896263,95.83333333333334,0.7189423704604174
"20MA, RSI, MACD, Lower_BB, CCI, Williams_%R",60,30,-0.45815847705696644,17.72151898734177,0.7473743206779866
"20MA, RSI, MACD, Lower_BB, CCI, Williams_%R",5,1,0.9712173385973719,97.96747967479675,0.763052840132549
"20MA, RSI, MACD, Lower_BB, CCI, OBV",60,1,0.9571400022138119,96.25,0.8830178105131499
"20MA, RSI, MACD, Lower_BB, CCI, OBV",60,30,-0.36622271547743956,19.831223628691983,0.7713624286057285
"20MA, RSI, MACD, Lower_BB, CCI, OBV",5,1,0.9709572453119822,97.96747967479675,0.7455589008284302
"20MA, RSI, MACD, Lower_BB, ATR, Williams_%R",60,1,0.9584973296180155,95.41666666666667,0.783151533886659
"20MA, RSI, MACD, Lower_BB, ATR, Williams_%R",60,30,-0.4390483826726921,24.894514767932492,0.8268418082771261
"20MA, RSI, MACD, Lower_BB, ATR, Williams_%R",5,1,0.9711816173632396,97.5609756097561,0.8833236732445677
"20MA, RSI, MACD, Lower_BB, ATR, OBV",60,1,0.9586714606667677,97.5,0.8020482879863099
"20MA, RSI, MACD, Lower_BB, ATR, OBV",60,30,-0.2632985289423262,27.42616033755274,0.8523134440693275
"20MA, RSI, MACD, Lower_BB, ATR, OBV",5,1,0.9707492418671919,97.15447154471545,0.7998754642840369
"20MA, RSI, MACD, Lower_BB, Williams_%R, OBV",60,1,0.9583708996488461,96.66666666666667,0.8469116620749187
"20MA, RSI, MACD, Lower_BB, Williams_%R, OBV",60,30,-0.5843534005059932,14.767932489451477,0.8136966475816119
"20MA, RSI, MACD, Lower_BB, Williams_%R, OBV",5,1,0.9707971557614938,97.96747967479675,0.8226250696172634
"20MA, RSI, MACD, CCI, ATR, Williams_%R",60,1,0.9576596032510152,95.83333333333334,0.7662676877409667
"20MA, RSI, MACD, CCI, ATR, Williams_%R",60,30,-0.459208367631349,23.20675105485232,0.7691346844581709
"20MA, RSI, MACD, CCI, ATR, Williams_%R",5,1,0.9710442962436641,97.5609756097561,0.9222903556960451
"20MA, RSI, MACD, CCI, ATR, OBV",60,1,0.9580288403732504,95.41666666666667,0.8085803083424332
"20MA, RSI, MACD, CCI, ATR, OBV",60,30,-0.3866315976731367,29.11392405063291,0.7150546923206796
"20MA, RSI, MACD, CCI, ATR, OBV",5,1,0.9708054711711874,97.5609756097561,0.836062707400098
"20MA, RSI, MACD, CCI, Williams_%R, OBV",60,1,0.9586966896012914,96.66666666666667,0.9275060219198489
"20MA, RSI, MACD, CCI, Williams_%R, OBV",60,30,-0.4256279957661415,18.143459915611814,0.7857795915566007
"20MA, RSI, MACD, CCI, Williams_%R, OBV",5,1,0.9709656076349555,97.96747967479675,0.7486094802678672
"20MA, RSI, MACD, ATR, Williams_%R, OBV",60,1,0.9582957889500889,96.66666666666667,0.7809142234749544
"20MA, RSI, MACD, ATR, Williams_%R, OBV",60,30,-0.7881539033798719,22.78481012658228,0.6643674749061474
"20MA, RSI, MACD, ATR, Williams_%R, OBV",5,1,0.9706794930872622,97.15447154471545,0.7971552052305091
"20MA, RSI, Upper_BB, Lower_BB, CCI, ATR",60,1,0.9573685335511433,96.25,0.8163292409440508
"20MA, RSI, Upper_BB, Lower_BB, CCI, ATR",60,30,-0.4286136563566143,28.270042194092827,1.0136533972548927
"20MA, RSI, Upper_BB, Lower_BB, CCI, ATR",5,1,0.9716244313341323,97.96747967479675,0.9611640408743402
"20MA, RSI, Upper_BB, Lower_BB, CCI, Williams_%R",60,1,0.9570407611818683,95.83333333333334,0.7204048327591112
"20MA, RSI, Upper_BB, Lower_BB, CCI, Williams_%R",60,30,-0.5593546772370517,16.455696202531644,0.7910098369167737
"20MA, RSI, Upper_BB, Lower_BB, CCI, Williams_%R",5,1,0.9713836113402209,97.96747967479675,0.7796306543343552
"20MA, RSI, Upper_BB, Lower_BB, CCI, OBV",60,1,0.9571201516316836,96.25,0.9043093147595477
"20MA, RSI, Upper_BB, Lower_BB, CCI, OBV",60,30,-0.6430820119681377,22.362869198312236,0.9256945339544527
"20MA, RSI, Upper_BB, Lower_BB, CCI, OBV",5,1,0.9712085940484022,97.96747967479675,0.6979160445207265
"20MA, RSI, Upper_BB, Lower_BB, ATR, Williams_%R",60,1,0.9584511695244896,95.41666666666667,0.7506114080201531
"20MA, RSI, Upper_BB, Lower_BB, ATR, Williams_%R",60,30,-0.5739108098599295,24.47257383966245,0.7977794594540591
"20MA, RSI, Upper_BB, Lower_BB, ATR, Williams_%R",5,1,0.9714488164504379,97.5609756097561,0.9318155561846166
"20MA, RSI, Upper_BB, Lower_BB, ATR, OBV",60,1,0.9585843014519885,97.08333333333333,0.8173970253967788
"20MA, RSI, Upper_BB, Lower_BB, ATR, OBV",60,30,-0.5541029809095952,27.848101265822784,1.0309220095763025
"20MA, RSI, Upper_BB, Lower_BB, ATR, OBV",5,1,0.9710326216019124,97.15447154471545,0.786535589237321
"20MA, RSI, Upper_BB, Lower_BB, Williams_%R, OBV",60,1,0.9583772846355326,96.66666666666667,0.8380275195298241
"20MA, RSI, Upper_BB, Lower_BB, Williams_%R, OBV",60,30,-0.7944317189213841,20.253164556962027,0.8446962994303961
"20MA, RSI, Upper_BB, Lower_BB, Williams_%R, OBV",5,1,0.9709722559381962,97.96747967479675,0.8054460550154385
"20MA, RSI, Upper_BB, CCI, ATR, Williams_%R",60,1,0.9547080511352506,95.0,0.8248772865672672
"20MA, RSI, Upper_BB, CCI, ATR, Williams_%R",60,30,-0.5339875044974585,26.160337552742618,0.8089682826744922
"20MA, RSI, Upper_BB, CCI, ATR, Williams_%R",5,1,0.9713706901286296,97.5609756097561,0.9527392001293133
"20MA, RSI, Upper_BB, CCI, ATR, OBV",60,1,0.9553310419594511,94.58333333333333,0.7721062154568497
"20MA, RSI, Upper_BB, CCI, ATR, OBV",60,30,-0.5940070725939981,28.270042194092827,0.8963631625988566
"20MA, RSI, Upper_BB, CCI, ATR, OBV",5,1,0.971212620937165,97.5609756097561,0.8321621192587138
"20MA, RSI, Upper_BB, CCI, Williams_%R, OBV",60,1,0.9553255109160836,96.66666666666667,0.9010364709687961
"20MA, RSI, Upper_BB, CCI, Williams_%R, OBV",60,30,-0.7056676095802534,17.72151898734177,0.7050319160941879
"20MA, RSI, Upper_BB, CCI, Williams_%R, OBV",5,1,0.9709806594874162,97.96747967479675,0.7682497385543721
"20MA, RSI, Upper_BB, ATR, Williams_%R, OBV",60,1,0.9567027915771456,97.08333333333333,0.9072517299492533
"20MA, RSI, Upper_BB, ATR, Williams_%R, OBV",60,30,-0.8399052717430611,26.582278481012654,0.7285468306246404
"20MA, RSI, Upper_BB, ATR, Williams_%R, OBV",5,1,0.9710145822906097,97.5609756097561,0.8738917861146972
"20MA, RSI, Lower_BB, CCI, ATR, Williams_%R",60,1,0.9547080511352365,95.0,0.8248772865672672
"20MA, RSI, Lower_BB, CCI, ATR, Williams_%R",60,30,-0.5339875044974536,26.160337552742618,0.8089682826744922
"20MA, RSI, Lower_BB, CCI, ATR, Williams_%R",5,1,0.9713706901286296,97.5609756097561,0.9527392001293133
"20MA, RSI, Lower_BB, CCI, ATR, OBV",60,1,0.9553310419594531,94.58333333333333,0.7721062154568497
"20MA, RSI, Lower_BB, CCI, ATR, OBV",60,30,-0.5940070725941018,28.270042194092827,0.8963631625988566
"20MA, RSI, Lower_BB, CCI, ATR, OBV",5,1,0.9712126209371651,97.5609756097561,0.8321621192587138
"20MA, RSI, Lower_BB, CCI, Williams_%R, OBV",60,1,0.9553255109160772,96.66666666666667,0.9010364709687961
"20MA, RSI, Lower_BB, CCI, Williams_%R, OBV",60,30,-0.7056676095802792,17.72151898734177,0.7050319160941879
"20MA, RSI, Lower_BB, CCI, Williams_%R, OBV",5,1,0.9709806594874162,97.96747967479675,0.7682497385543721
"20MA, RSI, Lower_BB, ATR, Williams_%R, OBV",60,1,0.9567027915771419,97.08333333333333,0.9072517299492533
"20MA, RSI, Lower_BB, ATR, Williams_%R, OBV",60,30,-0.839905271743081,26.582278481012654,0.7285468306246404
"20MA, RSI, Lower_BB, ATR, Williams_%R, OBV",5,1,0.9710145822906098,97.5609756097561,0.8738917861146972
"20MA, RSI, CCI, ATR, Williams_%R, OBV",60,1,0.9553079384661494,95.83333333333334,0.7981825822705751
"20MA, RSI, CCI, ATR, Williams_%R, OBV",60,30,-0.8899369668318593,20.253164556962027,0.6915892441824227
"20MA, RSI, CCI, ATR, Williams_%R, OBV",5,1,0.9709886149904503,97.5609756097561,0.8275079857913895
"20MA, MACD, Upper_BB, Lower_BB, CCI, ATR",60,1,0.9605012093883607,96.66666666666667,0.8645484055519806
"20MA, MACD, Upper_BB, Lower_BB, CCI, ATR",60,30,-0.24503907328809826,25.31645569620253,0.7549194901882783
"20MA, MACD, Upper_BB, Lower_BB, CCI, ATR",5,1,0.971162018110273,97.5609756097561,0.8742628779657745
"20MA, MACD, Upper_BB, Lower_BB, CCI, Williams_%R",60,1,0.9592621087426423,97.08333333333333,0.7748930305786648
"20MA, MACD, Upper_BB, Lower_BB, CCI, Williams_%R",60,30,-0.31329073174416533,15.611814345991561,0.9098016260048049
"20MA, MACD, Upper_BB, Lower_BB, CCI, Williams_%R",5,1,0.9710032980228014,97.5609756097561,0.7278949388188373
"20MA, MACD, Upper_BB, Lower_BB, CCI, OBV",60,1,0.9590463128444175,95.83333333333334,1.041905008594455
"20MA, MACD, Upper_BB, Lower_BB, CCI, OBV",60,30,-0.2855305898260414,19.831223628691983,0.9635772320248103
"20MA, MACD, Upper_BB, Lower_BB, CCI, OBV",5,1,0.9706947915802691,97.96747967479675,0.7230129284112589
"20MA, MACD, Upper_BB, Lower_BB, ATR, Williams_%R",60,1,0.9598782355329404,96.66666666666667,0.6722374298862225
"20MA, MACD, Upper_BB, Lower_BB, ATR, Williams_%R",60,30,-0.33511012920469696,24.47257383966245,0.7290119095244303
"20MA, MACD, Upper_BB, Lower_BB, ATR, Williams_%R",5,1,0.970976244820216,97.5609756097561,0.871100615826328
"20MA, MACD, Upper_BB, Lower_BB, ATR, OBV",60,1,0.9589083540026242,97.91666666666666,0.9150524255114162
"20MA, MACD, Upper_BB, Lower_BB, ATR, OBV",60,30,-0.3099063802605133,28.270042194092827,0.781469940312044
"20MA, MACD, Upper_BB, Lower_BB, ATR, OBV",5,1,0.970371873126529,97.15447154471545,0.7518105312841421
"20MA, MACD, Upper_BB, Lower_BB, Williams_%R, OBV",60,1,0.9597053056710709,97.08333333333333,1.0043825427391428
"20MA, MACD, Upper_BB, Lower_BB, Williams_%R, OBV",60,30,-0.38194441101830234,18.565400843881857,0.8940653886909525
"20MA, MACD, Upper_BB, Lower_BB, Williams_%R, OBV",5,1,0.9704668648144713,97.5609756097561,0.7471359314707096
"20MA, MACD, Upper_BB, CCI, ATR, Williams_%R",60,1,0.9577141451778699,96.66666666666667,0.7739872574690303
"20MA, MACD, Upper_BB, CCI, ATR, Williams_%R",60,30,-0.26825518976932683,23.628691983122362,0.7621967785789575
"20MA, MACD, Upper_BB, CCI, ATR, Williams_%R",5,1,0.9709046761439236,97.5609756097561,0.8386305734323012
"20MA, MACD, Upper_BB, CCI, ATR, OBV",60,1,0.958091975937607,96.66666666666667,0.9119801519351176
"20MA, MACD, Upper_BB, CCI, ATR, OBV",60,30,-0.2568720670373008,27.42616033755274,0.8892988692156422
"20MA, MACD, Upper_BB, CCI, ATR, OBV",5,1,0.9705903604035063,97.5609756097561,0.7983780837746702
"20MA, MACD, Upper_BB, CCI, Williams_%R, OBV",60,1,0.9577091527084045,96.25,0.9437814500361128
"20MA, MACD, Upper_BB, CCI, Williams_%R, OBV",60,30,-0.26467129585144744,16.877637130801688,0.7929537138833939
"20MA, MACD, Upper_BB, CCI, Williams_%R, OBV",5,1,0.9704637378622455,97.5609756097561,0.719584505881484
"20MA, MACD, Upper_BB, ATR, Williams_%R, OBV",60,1,0.9581970867865229,97.5,0.9452259604314348
"20MA, MACD, Upper_BB, ATR, Williams_%R, OBV",60,30,-0.40370671007982617,28.270042194092827,0.7198863972701389
"20MA, MACD, Upper_BB, ATR, Williams_%R, OBV",5,1,0.9704396081668751,97.5609756097561,0.818471999083911
"20MA, MACD, Lower_BB, CCI, ATR, Williams_%R",60,1,0.9577141451778747,96.66666666666667,0.7739872574690303
"20MA, MACD, Lower_BB, CCI, ATR, Williams_%R",60,30,-0.26825518976917806,23.628691983122362,0.7621967785789575
"20MA, MACD, Lower_BB, CCI, ATR, Williams_%R",5,1,0.9709046761439236,97.5609756097561,0.8386305734323012
"20MA, MACD, Lower_BB, CCI, ATR, OBV",60,1,0.9580919759376069,96.66666666666667,0.9119801519351176
"20MA, MACD, Lower_BB, CCI, ATR, OBV",60,30,-0.2568720670376201,27.42616033755274,0.8892988692156422
"20MA, MACD, Lower_BB, CCI, ATR, OBV",5,1,0.9705903604035062,97.5609756097561,0.7983780837746702
"20MA, MACD, Lower_BB, CCI, Williams_%R, OBV",60,1,0.9577091527084021,96.25,0.9437814500361128
"20MA, MACD, Lower_BB, CCI, Williams_%R, OBV",60,30,-0.26467129585134574,16.877637130801688,0.7929537138833939
"20MA, MACD, Lower_BB, CCI, Williams_%R, OBV",5,1,0.9704637378622454,97.5609756097561,0.719584505881484
"20MA, MACD, Lower_BB, ATR, Williams_%R, OBV",60,1,0.9581970867865216,97.5,0.9452259604314348
"20MA, MACD, Lower_BB, ATR, Williams_%R, OBV",60,30,-0.4037067100796319,28.270042194092827,0.7198863972701389
"20MA, MACD, Lower_BB, ATR, Williams_%R, OBV",5,1,0.9704396081668752,97.5609756097561,0.818471999083911
"20MA, MACD, CCI, ATR, Williams_%R, OBV",60,1,0.9577391145735804,97.08333333333333,0.7649435660878756
"20MA, MACD, CCI, ATR, Williams_%R, OBV",60,30,-0.43654648982099165,22.78481012658228,0.8019573834093616
"20MA, MACD, CCI, ATR, Williams_%R, OBV",5,1,0.9703942671312844,97.5609756097561,0.806679129292296
"20MA, Upper_BB, Lower_BB, CCI, ATR, Williams_%R",60,1,0.9576622957427069,96.66666666666667,0.802920780610661
"20MA, Upper_BB, Lower_BB, CCI, ATR, Williams_%R",60,30,-0.4114457646273457,24.47257383966245,0.7356259416161985
"20MA, Upper_BB, Lower_BB, CCI, ATR, Williams_%R",5,1,0.9710179919832966,97.5609756097561,0.8856905738345505
"20MA, Upper_BB, Lower_BB, CCI, ATR, OBV",60,1,0.9580495623835575,97.08333333333333,0.9239623967376539
"20MA, Upper_BB, Lower_BB, CCI, ATR, OBV",60,30,-0.5691530039035817,27.42616033755274,0.8366731354266991
"20MA, Upper_BB, Lower_BB, CCI, ATR, OBV",5,1,0.9707928962458572,97.5609756097561,0.8259056256549662
"20MA, Upper_BB, Lower_BB, CCI, Williams_%R, OBV",60,1,0.9576780486518861,96.25,0.9418482946365533
"20MA, Upper_BB, Lower_BB, CCI, Williams_%R, OBV",60,30,-0.45544216331756027,19.831223628691983,0.9199637348094073
"20MA, Upper_BB, Lower_BB, CCI, Williams_%R, OBV",5,1,0.9705100335337444,97.5609756097561,0.7604376388869603
"20MA, Upper_BB, Lower_BB, ATR, Williams_%R, OBV",60,1,0.9581929283077555,97.5,0.9287519207227497
"20MA, Upper_BB, Lower_BB, ATR, Williams_%R, OBV",60,30,-0.6403902048204044,27.848101265822784,0.7979730776502754
"20MA, Upper_BB, Lower_BB, ATR, Williams_%R, OBV",5,1,0.9706334328025417,97.5609756097561,0.8312782670575359
"20MA, Upper_BB, CCI, ATR, Williams_%R, OBV",60,1,0.9561577164536413,96.25,0.8753138981774741
"20MA, Upper_BB, CCI, ATR, Williams_%R, OBV",60,30,-0.5900750465016396,25.31645569620253,0.9273830666520505
"20MA, Upper_BB, CCI, ATR, Williams_%R, OBV",5,1,0.9705816747308464,97.5609756097561,0.8538892418729991
"20MA, Lower_BB, CCI, ATR, Williams_%R, OBV",60,1,0.9561577164536358,96.25,0.8753138981774741
"20MA, Lower_BB, CCI, ATR, Williams_%R, OBV",60,30,-0.5900750465016626,25.31645569620253,0.9273830666520505
"20MA, Lower_BB, CCI, ATR, Williams_%R, OBV",5,1,0.9705816747308464,97.5609756097561,0.8538892418729991
"50MA, RSI, MACD, Upper_BB, Lower_BB, CCI",60,1,0.9562132119319456,95.83333333333334,0.7394559351499509
"50MA, RSI, MACD, Upper_BB, Lower_BB, CCI",60,30,-0.2552699335231303,20.675105485232066,0.9640943761060403
"50MA, RSI, MACD, Upper_BB, Lower_BB, CCI",5,1,0.9711502782070276,97.5609756097561,0.8174501171369157
"50MA, RSI, MACD, Upper_BB, Lower_BB, ATR",60,1,0.9588684722986958,96.66666666666667,0.6332924691967933
"50MA, RSI, MACD, Upper_BB, Lower_BB, ATR",60,30,-0.08809253086420998,25.31645569620253,0.9158993411373983
"50MA, RSI, MACD, Upper_BB, Lower_BB, ATR",5,1,0.9710866378859797,97.15447154471545,0.8368047133397389
"50MA, RSI, MACD, Upper_BB, Lower_BB, Williams_%R",60,1,0.9587195183469543,96.25,0.8145141892007588
"50MA, RSI, MACD, Upper_BB, Lower_BB, Williams_%R",60,30,-0.4590605909057617,16.877637130801688,0.8301490483911058
"50MA, RSI, MACD, Upper_BB, Lower_BB, Williams_%R",5,1,0.9710590061187956,97.96747967479675,0.8325189226835666
"50MA, RSI, MACD, Upper_BB, Lower_BB, OBV",60,1,0.9587247583520315,96.66666666666667,0.8617288197352795
"50MA, RSI, MACD, Upper_BB, Lower_BB, OBV",60,30,-0.06712420568418875,21.518987341772153,1.0681060542325338
"50MA, RSI, MACD, Upper_BB, Lower_BB, OBV",5,1,0.9705635484070854,97.15447154471545,0.8204278635647039
"50MA, RSI, MACD, Upper_BB, CCI, ATR",60,1,0.9547566615986953,95.83333333333334,0.7113252624758059
"50MA, RSI, MACD, Upper_BB, CCI, ATR",60,30,-0.142910800814106,26.582278481012654,0.9664173931557393
"50MA, RSI, MACD, Upper_BB, CCI, ATR",5,1,0.9716509832555259,97.96747967479675,0.9736300688205731
"50MA, RSI, MACD, Upper_BB, CCI, Williams_%R",60,1,0.9543367279180394,95.0,0.620131544400742
"50MA, RSI, MACD, Upper_BB, CCI, Williams_%R",60,30,-0.43019540518403754,18.9873417721519,0.9491842647591028
"50MA, RSI, MACD, Upper_BB, CCI, Williams_%R",5,1,0.9714903390854652,98.3739837398374,0.7423398350179291
"50MA, RSI, MACD, Upper_BB, CCI, OBV",60,1,0.954917744393848,96.25,0.8371163143137066
"50MA, RSI, MACD, Upper_BB, CCI, OBV",60,30,-0.17069401312694588,19.40928270042194,1.1084609710037698
"50MA, RSI, MACD, Upper_BB, CCI, OBV",5,1,0.9713363096355759,98.3739837398374,0.8244865743940836
"50MA, RSI, MACD, Upper_BB, ATR, Williams_%R",60,1,0.9568306786267967,96.66666666666667,0.6780061165583045
"50MA, RSI, MACD, Upper_BB, ATR, Williams_%R",60,30,-0.37676716462183557,24.050632911392405,0.9314319604300881
"50MA, RSI, MACD, Upper_BB, ATR, Williams_%R",5,1,0.9714412239865824,98.3739837398374,0.8829740477319808
"50MA, RSI, MACD, Upper_BB, ATR, OBV",60,1,0.9574774471295309,97.08333333333333,0.8049626636705833
"50MA, RSI, MACD, Upper_BB, ATR, OBV",60,30,-0.006945943732014959,24.894514767932492,1.1707922007600644
"50MA, RSI, MACD, Upper_BB, ATR, OBV",5,1,0.9710408447095635,97.5609756097561,0.8263816193115233
"50MA, RSI, MACD, Upper_BB, Williams_%R, OBV",60,1,0.9570795309544556,95.41666666666667,0.8609945388308644
"50MA, RSI, MACD, Upper_BB, Williams_%R, OBV",60,30,-0.39406409009875154,17.72151898734177,0.9154162397033142
"50MA, RSI, MACD, Upper_BB, Williams_%R, OBV",5,1,0.9710995335526372,97.96747967479675,0.7906402627752472
"50MA, RSI, MACD, Lower_BB, CCI, ATR",60,1,0.9547566615990314,95.83333333333334,0.7113252624758059
"50MA, RSI, MACD, Lower_BB, CCI, ATR",60,30,-0.1429108008152551,26.582278481012654,0.9664173931557393
"50MA, RSI, MACD, Lower_BB, CCI, ATR",5,1,0.9716002075909318,98.3739837398374,0.9981427941387261
"50MA, RSI, MACD, Lower_BB, CCI, Williams_%R",60,1,0.9543367279180082,95.0,0.620131544400742
"50MA, RSI, MACD, Lower_BB, CCI, Williams_%R",60,30,-0.43019540516115273,18.9873417721519,0.9491842647591028
"50MA, RSI, MACD, Lower_BB, CCI, Williams_%R",5,1,0.9714525076913222,98.3739837398374,0.9642400203071032
"50MA, RSI, MACD, Lower_BB, CCI, OBV",60,1,0.9549177443940369,96.25,0.8371163143137066
"50MA, RSI, MACD, Lower_BB, CCI, OBV",60,30,-0.17069401311967125,19.40928270042194,1.1084609710037698
"50MA, RSI, MACD, Lower_BB, CCI, OBV",5,1,0.97130783765535,98.3739837398374,0.8403571659494766
"50MA, RSI, MACD, Lower_BB, ATR, Williams_%R",60,1,0.9568306786267894,96.66666666666667,0.6780061165583045
"50MA, RSI, MACD, Lower_BB, ATR, Williams_%R",60,30,-0.3767671646139725,24.050632911392405,0.9314319604300881
"50MA, RSI, MACD, Lower_BB, ATR, Williams_%R",5,1,0.9714346783737313,98.3739837398374,0.8493860878015148
"50MA, RSI, MACD, Lower_BB, ATR, OBV",60,1,0.9574774471294216,97.08333333333333,0.8049626636705833
"50MA, RSI, MACD, Lower_BB, ATR, OBV",60,30,-0.006945943712937552,24.894514767932492,1.1707922007600644
"50MA, RSI, MACD, Lower_BB, ATR, OBV",5,1,0.9710437238788535,97.96747967479675,0.9984913340403806
"50MA, RSI, MACD, Lower_BB, Williams_%R, OBV",60,1,0.9570795309543138,95.41666666666667,0.8609945388308644
"50MA, RSI, MACD, Lower_BB, Williams_%R, OBV",60,30,-0.39406409009911303,17.72151898734177,0.9154162397033142
"50MA, RSI, MACD, Lower_BB, Williams_%R, OBV",5,1,0.9711051737935845,97.96747967479675,0.998374860454796
"50MA, RSI, MACD, CCI, ATR, Williams_%R",60,1,0.9556468712049468,95.41666666666667,0.6532757641234217
"50MA, RSI, MACD, CCI, ATR, Williams_%R",60,30,-0.40822452675354115,22.78481012658228,0.8605321520190151
"50MA, RSI, MACD, CCI, ATR, Williams_%R",5,1,0.9713935075508727,98.3739837398374,1.0117409506517294
"50MA, RSI, MACD, CCI, ATR, OBV",60,1,0.9564717670900209,95.41666666666667,0.8144244892742013
"50MA, RSI, MACD, CCI, ATR, OBV",60,30,-0.18579295124563555,27.004219409282697,0.9161273651211491
"50MA, RSI, MACD, CCI, ATR, OBV",5,1,0.9712635682750577,97.96747967479675,1.1022496529045303
"50MA, RSI, MACD, CCI, Williams_%R, OBV",60,1,0.9565890712487265,96.25,0.7686645740185268
"50MA, RSI, MACD, CCI, Williams_%R, OBV",60,30,-0.32427977120300144,19.831223628691983,0.8846786163923989
"50MA, RSI, MACD, CCI, Williams_%R, OBV",5,1,0.9712654934707033,98.3739837398374,1.0632468712280458
"50MA, RSI, MACD, ATR, Williams_%R, OBV",60,1,0.9572786003963079,96.25,0.7669291488299175
"50MA, RSI, MACD, ATR, Williams_%R, OBV",60,30,-0.4945021255823294,21.09704641350211,0.8528590527576134
"50MA, RSI, MACD, ATR, Williams_%R, OBV",5,1,0.9710758346905621,97.96747967479675,0.9435956359163136
"50MA, RSI, Upper_BB, Lower_BB, CCI, ATR",60,1,0.95437727750393,95.83333333333334,0.7113252624758059
"50MA, RSI, Upper_BB, Lower_BB, CCI, ATR",60,30,-0.2752637448910271,28.691983122362867,0.8248809752305156
"50MA, RSI, Upper_BB, Lower_BB, CCI, ATR",5,1,0.9713129737086378,97.5609756097561,0.8937557201860565
"50MA, RSI, Upper_BB, Lower_BB, CCI, Williams_%R",60,1,0.9540344076064394,95.0,0.6266888870008239
"50MA, RSI, Upper_BB, Lower_BB, CCI, Williams_%R",60,30,-0.48822605753500103,16.455696202531644,0.8324485022149245
"50MA, RSI, Upper_BB, Lower_BB, CCI, Williams_%R",5,1,0.9711583270613984,97.96747967479675,0.8971366880586569
"50MA, RSI, Upper_BB, Lower_BB, CCI, OBV",60,1,0.9544335195601854,95.83333333333334,0.8668821979362631
"50MA, RSI, Upper_BB, Lower_BB, CCI, OBV",60,30,-0.45380358803422105,20.675105485232066,0.7346810144525316
"50MA, RSI, Upper_BB, Lower_BB, CCI, OBV",5,1,0.9710071871623442,97.5609756097561,0.7401886696597407
"50MA, RSI, Upper_BB, Lower_BB, ATR, Williams_%R",60,1,0.9565197471018894,97.08333333333333,0.670015758470246
"50MA, RSI, Upper_BB, Lower_BB, ATR, Williams_%R",60,30,-0.465030755395361,23.628691983122362,0.7134250344855804
"50MA, RSI, Upper_BB, Lower_BB, ATR, Williams_%R",5,1,0.9711528462066759,97.5609756097561,0.8208540057118109
"50MA, RSI, Upper_BB, Lower_BB, ATR, OBV",60,1,0.9568984261953246,97.08333333333333,0.7562668101305933
"50MA, RSI, Upper_BB, Lower_BB, ATR, OBV",60,30,-0.36790933113081725,28.270042194092827,0.873055981360493
"50MA, RSI, Upper_BB, Lower_BB, ATR, OBV",5,1,0.9706994837359608,96.7479674796748,0.7529172104592691
"50MA, RSI, Upper_BB, Lower_BB, Williams_%R, OBV",60,1,0.9566909574205815,95.83333333333334,0.9181598211409446
"50MA, RSI, Upper_BB, Lower_BB, Williams_%R, OBV",60,30,-0.6774076978603865,15.611814345991561,0.7932951131919939
"50MA, RSI, Upper_BB, Lower_BB, Williams_%R, OBV",5,1,0.9707678589587377,97.96747967479675,0.8213826402966368
"50MA, RSI, Upper_BB, CCI, ATR, Williams_%R",60,1,0.9521043463701181,95.41666666666667,0.6924278687767266
"50MA, RSI, Upper_BB, CCI, ATR, Williams_%R",60,30,-0.4198225168616121,22.362869198312236,0.6843862306042408
"50MA, RSI, Upper_BB, CCI, ATR, Williams_%R",5,1,0.9713020908786583,98.3739837398374,0.9044198004521111
"50MA, RSI, Upper_BB, CCI, ATR, OBV",60,1,0.9529465035313058,94.58333333333333,0.8163842434151151
"50MA, RSI, Upper_BB, CCI, ATR, OBV",60,30,-0.35769939656919325,30.37974683544304,0.877570897530823
"50MA, RSI, Upper_BB, CCI, ATR, OBV",5,1,0.9711965809991995,97.96747967479675,0.9371242258324198
"50MA, RSI, Upper_BB, CCI, Williams_%R, OBV",60,1,0.9528058574184066,95.41666666666667,0.9935269762473307
"50MA, RSI, Upper_BB, CCI, Williams_%R, OBV",60,30,-0.6072024750888283,15.18987341772152,0.7262545960422708
"50MA, RSI, Upper_BB, CCI, Williams_%R, OBV",5,1,0.9708195299291154,98.3739837398374,0.7433925654405185
"50MA, RSI, Upper_BB, ATR, Williams_%R, OBV",60,1,0.9551324719509262,96.25,0.775143424769126
"50MA, RSI, Upper_BB, ATR, Williams_%R, OBV",60,30,-0.7083120199283681,24.894514767932492,0.7399248111258602
"50MA, RSI, Upper_BB, ATR, Williams_%R, OBV",5,1,0.9709837431135808,97.96747967479675,0.8756281138962502
"50MA, RSI, Lower_BB, CCI, ATR, Williams_%R",60,1,0.9521043463701319,95.41666666666667,0.6924278687767266
"50MA, RSI, Lower_BB, CCI, ATR, Williams_%R",60,30,-0.4198225168616707,22.362869198312236,0.6843862306042408
"50MA, RSI, Lower_BB, CCI, ATR, Williams_%R",5,1,0.9711573500248477,98.3739837398374,0.8484099978214732
"50MA, RSI, Lower_BB, CCI, ATR, OBV",60,1,0.9529465035313069,94.58333333333333,0.8163842434151151
"50MA, RSI, Lower_BB, CCI, ATR, OBV",60,30,-0.35769939656909844,30.37974683544304,0.877570897530823
"50MA, RSI, Lower_BB, CCI, ATR, OBV",5,1,0.9709414705374425,97.5609756097561,0.8402539422169124
"50MA, RSI, Lower_BB, CCI, Williams_%R, OBV",60,1,0.952805857418406,95.41666666666667,0.9935269762473307
"50MA, RSI, Lower_BB, CCI, Williams_%R, OBV",60,30,-0.6072024750888323,15.18987341772152,0.7262545960422708
"50MA, RSI, Lower_BB, CCI, Williams_%R, OBV",5,1,0.9708674114814776,98.3739837398374,0.8068284029039156
"50MA, RSI, Lower_BB, ATR, Williams_%R, OBV",60,1,0.955132471950916,96.25,0.775143424769126
"50MA, RSI, Lower_BB, ATR, Williams_%R, OBV",60,30,-0.7083120199283026,24.894514767932492,0.7399248111258602
"50MA, RSI, Lower_BB, ATR, Williams_%R, OBV",5,1,0.9707944354673871,97.5609756097561,0.8030577324414727
"50MA, RSI, CCI, ATR, Williams_%R, OBV",60,1,0.9534520188181658,95.41666666666667,0.7856246234977039
"50MA, RSI, CCI, ATR, Williams_%R, OBV",60,30,-0.7291757589333765,20.675105485232066,0.7347095790962364
"50MA, RSI, CCI, ATR, Williams_%R, OBV",5,1,0.9707653315587297,97.5609756097561,0.8157134617253925
"50MA, MACD, Upper_BB, Lower_BB, CCI, ATR",60,1,0.9586556208902103,96.25,0.8420818282008253
"50MA, MACD, Upper_BB, Lower_BB, CCI, ATR",60,30,-0.11129807874517561,27.004219409282697,0.9665948102984334
"50MA, MACD, Upper_BB, Lower_BB, CCI, ATR",5,1,0.9709411663855252,97.15447154471545,0.9104259388550021
"50MA, MACD, Upper_BB, Lower_BB, CCI, Williams_%R",60,1,0.9571156386705826,96.66666666666667,0.6322475869193892
"50MA, MACD, Upper_BB, Lower_BB, CCI, Williams_%R",60,30,-0.23113594132033755,15.611814345991561,1.1327795348113447
"50MA, MACD, Upper_BB, Lower_BB, CCI, Williams_%R",5,1,0.9707359488238985,97.5609756097561,0.7919709025023558
"50MA, MACD, Upper_BB, Lower_BB, CCI, OBV",60,1,0.9573392719482541,95.83333333333334,0.9758721546747176
"50MA, MACD, Upper_BB, Lower_BB, CCI, OBV",60,30,-0.09666913829396528,21.518987341772153,1.0897117946341819
"50MA, MACD, Upper_BB, Lower_BB, CCI, OBV",5,1,0.9704677331256064,97.5609756097561,0.7898247727969167
"50MA, MACD, Upper_BB, Lower_BB, ATR, Williams_%R",60,1,0.9583327721869115,97.08333333333333,0.7505352327874931
"50MA, MACD, Upper_BB, Lower_BB, ATR, Williams_%R",60,30,-0.19422953715568592,27.004219409282697,0.8995509872752604
"50MA, MACD, Upper_BB, Lower_BB, ATR, Williams_%R",5,1,0.970767578759027,97.5609756097561,0.794602786220573
"50MA, MACD, Upper_BB, Lower_BB, ATR, OBV",60,1,0.957622163771372,97.08333333333333,0.8535812560299822
"50MA, MACD, Upper_BB, Lower_BB, ATR, OBV",60,30,-0.10605476558865723,27.848101265822784,1.033443728713868
"50MA, MACD, Upper_BB, Lower_BB, ATR, OBV",5,1,0.970202447859838,96.7479674796748,0.7596142536698436
"50MA, MACD, Upper_BB, Lower_BB, Williams_%R, OBV",60,1,0.9585387216322614,96.25,1.0516794140327403
"50MA, MACD, Upper_BB, Lower_BB, Williams_%R, OBV",60,30,-0.16719405832109424,19.831223628691983,1.0460366381914032
"50MA, MACD, Upper_BB, Lower_BB, Williams_%R, OBV",5,1,0.9702664232448043,97.5609756097561,0.7546141429464417
"50MA, MACD, Upper_BB, CCI, ATR, Williams_%R",60,1,0.9558880262438489,96.25,0.7918112706896789
"50MA, MACD, Upper_BB, CCI, ATR, Williams_%R",60,30,-0.17551830437534455,25.31645569620253,0.8580753418019461
"50MA, MACD, Upper_BB, CCI, ATR, Williams_%R",5,1,0.9710333319882423,98.3739837398374,0.7994235893961096
"50MA, MACD, Upper_BB, CCI, ATR, OBV",60,1,0.9566342598585522,96.25,0.8244231972567171
"50MA, MACD, Upper_BB, CCI, ATR, OBV",60,30,-0.015008407078582087,27.004219409282697,1.0802831076402057
"50MA, MACD, Upper_BB, CCI, ATR, OBV",5,1,0.9708013440640433,97.96747967479675,0.7499896167781479
"50MA, MACD, Upper_BB, CCI, Williams_%R, OBV",60,1,0.9558239253026614,95.83333333333334,0.9384314267135484
"50MA, MACD, Upper_BB, CCI, Williams_%R, OBV",60,30,-0.1544870136918861,21.518987341772153,1.0094372810713477
"50MA, MACD, Upper_BB, CCI, Williams_%R, OBV",5,1,0.9707015958235617,98.3739837398374,0.7308549222929255
"50MA, MACD, Upper_BB, ATR, Williams_%R, OBV",60,1,0.9570852185356985,97.08333333333333,0.8570268672731947
"50MA, MACD, Upper_BB, ATR, Williams_%R, OBV",60,30,-0.09359124059207646,26.582278481012654,1.139848171514871
"50MA, MACD, Upper_BB, ATR, Williams_%R, OBV",5,1,0.9707657563805334,97.96747967479675,0.7468452967842656
"50MA, MACD, Lower_BB, CCI, ATR, Williams_%R",60,1,0.9558880262440037,96.25,0.7918112706896789
"50MA, MACD, Lower_BB, CCI, ATR, Williams_%R",60,30,-0.17551830436700855,25.31645569620253,0.8580753418019461
"50MA, MACD, Lower_BB, CCI, ATR, Williams_%R",5,1,0.971071005868334,98.3739837398374,0.8646009709264083
"50MA, MACD, Lower_BB, CCI, ATR, OBV",60,1,0.9566342598584168,96.25,0.8244231972567171
"50MA, MACD, Lower_BB, CCI, ATR, OBV",60,30,-0.015008407092021114,27.004219409282697,1.0802831076402057
"50MA, MACD, Lower_BB, CCI, ATR, OBV",5,1,0.9708894952506415,97.96747967479675,0.8969543258999505
"50MA, MACD, Lower_BB, CCI, Williams_%R, OBV",60,1,0.9558239253019224,95.83333333333334,0.9384314267135484
"50MA, MACD, Lower_BB, CCI, Williams_%R, OBV",60,30,-0.15448701372541063,21.518987341772153,1.0094372810713477
"50MA, MACD, Lower_BB, CCI, Williams_%R, OBV",5,1,0.9707507485170236,98.3739837398374,0.8329390876630214
"50MA, MACD, Lower_BB, ATR, Williams_%R, OBV",60,1,0.9570852185368064,97.08333333333333,0.8570268672731947
"50MA, MACD, Lower_BB, ATR, Williams_%R, OBV",60,30,-0.09359124060832325,26.582278481012654,1.139848171514871
"50MA, MACD, Lower_BB, ATR, Williams_%R, OBV",5,1,0.9708273469617003,97.96747967479675,0.8206749408910924
"50MA, MACD, CCI, ATR, Williams_%R, OBV",60,1,0.9562721772057936,96.66666666666667,0.7658047188243475
"50MA, MACD, CCI, ATR, Williams_%R, OBV",60,30,-0.2543494882884343,21.518987341772153,1.0113232946113233
"50MA, MACD, CCI, ATR, Williams_%R, OBV",5,1,0.9707128429389221,97.96747967479675,0.7821593100233792
"50MA, Upper_BB, Lower_BB, CCI, ATR, Williams_%R",60,1,0.9555554934482171,95.83333333333334,0.8032446052399008
"50MA, Upper_BB, Lower_BB, CCI, ATR, Williams_%R",60,30,-0.2923411553019488,26.582278481012654,0.680793576097925
"50MA, Upper_BB, Lower_BB, CCI, ATR, Williams_%R",5,1,0.9706970250221625,97.5609756097561,0.8089866498631506
"50MA, Upper_BB, Lower_BB, CCI, ATR, OBV",60,1,0.9560279729819648,96.25,0.8478200005718043
"50MA, Upper_BB, Lower_BB, CCI, ATR, OBV",60,30,-0.34322842130096975,26.160337552742618,0.8208705125331444
"50MA, Upper_BB, Lower_BB, CCI, ATR, OBV",5,1,0.9704817399514484,97.15447154471545,0.8025620591703633
"50MA, Upper_BB, Lower_BB, CCI, Williams_%R, OBV",60,1,0.9554321595961958,95.83333333333334,0.9789281301721461
"50MA, Upper_BB, Lower_BB, CCI, Williams_%R, OBV",60,30,-0.3445174315739721,15.18987341772152,0.9069910741216328
"50MA, Upper_BB, Lower_BB, CCI, Williams_%R, OBV",5,1,0.9702801667373459,97.5609756097561,0.7970231431997585
"50MA, Upper_BB, Lower_BB, ATR, Williams_%R, OBV",60,1,0.956484118584858,97.08333333333333,0.8239067051456171
"50MA, Upper_BB, Lower_BB, ATR, Williams_%R, OBV",60,30,-0.4882621251994568,27.42616033755274,0.7096989937170788
"50MA, Upper_BB, Lower_BB, ATR, Williams_%R, OBV",5,1,0.9703519515219644,97.5609756097561,0.7738048531093383
"50MA, Upper_BB, CCI, ATR, Williams_%R, OBV",60,1,0.9543050823243698,95.83333333333334,0.8691848971754862
"50MA, Upper_BB, CCI, ATR, Williams_%R, OBV",60,30,-0.44257835400420875,24.894514767932492,0.6387639890699035
"50MA, Upper_BB, CCI, ATR, Williams_%R, OBV",5,1,0.9706818684007469,98.3739837398374,0.7426643922690535
"50MA, Lower_BB, CCI, ATR, Williams_%R, OBV",60,1,0.9543050823243686,95.83333333333334,0.8691848971754862
"50MA, Lower_BB, CCI, ATR, Williams_%R, OBV",60,30,-0.44257835400435375,24.894514767932492,0.6387639890699035
"50MA, Lower_BB, CCI, ATR, Williams_%R, OBV",5,1,0.9704744281236624,97.5609756097561,0.7941511082242123
"RSI, MACD, Upper_BB, Lower_BB, CCI, ATR",60,1,0.9574273017117177,96.25,0.8321609343951198
"RSI, MACD, Upper_BB, Lower_BB, CCI, ATR",60,30,-0.2507502799458283,28.270042194092827,0.8472712996496843
"RSI, MACD, Upper_BB, Lower_BB, CCI, ATR",5,1,0.9712858335079874,97.96747967479675,0.8652500531322334
"RSI, MACD, Upper_BB, Lower_BB, CCI, Williams_%R",60,1,0.9570009987896246,95.83333333333334,0.7189423704604174
"RSI, MACD, Upper_BB, Lower_BB, CCI, Williams_%R",60,30,-0.45815847705698354,17.72151898734177,0.7473743206779866
"RSI, MACD, Upper_BB, Lower_BB, CCI, Williams_%R",5,1,0.9712173385973719,97.96747967479675,0.763052840132549
"RSI, MACD, Upper_BB, Lower_BB, CCI, OBV",60,1,0.9571400022138146,96.25,0.8830178105131499
"RSI, MACD, Upper_BB, Lower_BB, CCI, OBV",60,30,-0.3662227154776645,19.831223628691983,0.7713624286057285
"RSI, MACD, Upper_BB, Lower_BB, CCI, OBV",5,1,0.9709572453119821,97.96747967479675,0.7455589008284302
"RSI, MACD, Upper_BB, Lower_BB, ATR, Williams_%R",60,1,0.9584973296180226,95.41666666666667,0.783151533886659
"RSI, MACD, Upper_BB, Lower_BB, ATR, Williams_%R",60,30,-0.43904838267277024,24.894514767932492,0.8268418082771261
"RSI, MACD, Upper_BB, Lower_BB, ATR, Williams_%R",5,1,0.9711816173632395,97.5609756097561,0.8833236732445677
"RSI, MACD, Upper_BB, Lower_BB, ATR, OBV",60,1,0.9586714606667743,97.5,0.8020482879863099
"RSI, MACD, Upper_BB, Lower_BB, ATR, OBV",60,30,-0.2632985289426417,27.42616033755274,0.8523134440693275
"RSI, MACD, Upper_BB, Lower_BB, ATR, OBV",5,1,0.9707492418671918,97.15447154471545,0.7998754642840369
"RSI, MACD, Upper_BB, Lower_BB, Williams_%R, OBV",60,1,0.9583708996488429,96.66666666666667,0.8469116620749187
"RSI, MACD, Upper_BB, Lower_BB, Williams_%R, OBV",60,30,-0.5843534005061679,14.767932489451477,0.8136966475816119
"RSI, MACD, Upper_BB, Lower_BB, Williams_%R, OBV",5,1,0.9707971557614938,97.96747967479675,0.8226250696172634
"RSI, MACD, Upper_BB, CCI, ATR, Williams_%R",60,1,0.9560025047001061,95.83333333333334,0.8213956759837449
"RSI, MACD, Upper_BB, CCI, ATR, Williams_%R",60,30,-0.5028741776712875,26.160337552742618,1.0654063409545056
"RSI, MACD, Upper_BB, CCI, ATR, Williams_%R",5,1,0.9713878704992422,98.3739837398374,0.9930809753304346
"RSI, MACD, Upper_BB, CCI, ATR, OBV",60,1,0.9564046141520456,95.0,0.8328561883744929
"RSI, MACD, Upper_BB, CCI, ATR, OBV",60,30,-0.4819586043548967,30.37974683544304,0.9061276634903017
"RSI, MACD, Upper_BB, CCI, ATR, OBV",5,1,0.9711782358184139,97.96747967479675,0.8336183168933808
"RSI, MACD, Upper_BB, CCI, Williams_%R, OBV",60,1,0.9565375380852901,97.08333333333333,0.876436818540409
"RSI, MACD, Upper_BB, CCI, Williams_%R, OBV",60,30,-0.5668498937202395,18.565400843881857,0.757999460346696
"RSI, MACD, Upper_BB, CCI, Williams_%R, OBV",5,1,0.9709655225974017,98.3739837398374,0.6994840837844191
"RSI, MACD, Upper_BB, ATR, Williams_%R, OBV",60,1,0.9574243954786218,97.08333333333333,0.94697717970437
"RSI, MACD, Upper_BB, ATR, Williams_%R, OBV",60,30,-0.7699143170793656,25.31645569620253,0.7129574192354766
"RSI, MACD, Upper_BB, ATR, Williams_%R, OBV",5,1,0.9710235482861203,97.96747967479675,0.8609288523011115
"RSI, MACD, Lower_BB, CCI, ATR, Williams_%R",60,1,0.9559939432369104,96.25,0.8804177596069678
"RSI, MACD, Lower_BB, CCI, ATR, Williams_%R",60,30,-0.5203318590714827,27.42616033755274,0.9340076575593382
"RSI, MACD, Lower_BB, CCI, ATR, Williams_%R",5,1,0.9712992407508386,98.3739837398374,0.7984942762450711
"RSI, MACD, Lower_BB, CCI, ATR, OBV",60,1,0.9566664668363248,95.0,0.8737914993552095
"RSI, MACD, Lower_BB, CCI, ATR, OBV",60,30,-0.51086334072476,28.691983122362867,0.8570194663109151
"RSI, MACD, Lower_BB, CCI, ATR, OBV",5,1,0.9711006308488681,97.96747967479675,0.7935877555540415
"RSI, MACD, Lower_BB, CCI, Williams_%R, OBV",60,1,0.9567211323419006,97.08333333333333,0.8511860394482361
"RSI, MACD, Lower_BB, CCI, Williams_%R, OBV",60,30,-0.6307916737580803,16.033755274261605,0.7575478219397354
"RSI, MACD, Lower_BB, CCI, Williams_%R, OBV",5,1,0.9710276246340193,98.3739837398374,0.8132189777198636
"RSI, MACD, Lower_BB, ATR, Williams_%R, OBV",60,1,0.9577280187836587,96.66666666666667,0.9989820901777648
"RSI, MACD, Lower_BB, ATR, Williams_%R, OBV",60,30,-0.7895882395736009,24.47257383966245,0.7372636904248655
"RSI, MACD, Lower_BB, ATR, Williams_%R, OBV",5,1,0.9709522912370224,97.96747967479675,0.812765234244635
"RSI, MACD, CCI, ATR, Williams_%R, OBV",60,1,0.9562468421693997,95.41666666666667,0.9189837506954697
"RSI, MACD, CCI, ATR, Williams_%R, OBV",60,30,-0.812118388834635,19.40928270042194,0.709367989615844
"RSI, MACD, CCI, ATR, Williams_%R, OBV",5,1,0.970934367810443,97.96747967479675,0.8363194503712237
"RSI, Upper_BB, Lower_BB, CCI, ATR, Williams_%R",60,1,0.9547080511352455,95.0,0.8248772865672672
"RSI, Upper_BB, Lower_BB, CCI, ATR, Williams_%R",60,30,-0.5339875044974209,26.160337552742618,0.8089682826744922
"RSI, Upper_BB, Lower_BB, CCI, ATR, Williams_%R",5,1,0.9713706901286296,97.5609756097561,0.9527392001293133
"RSI, Upper_BB, Lower_BB, CCI, ATR, OBV",60,1,0.9553310419594558,94.58333333333333,0.7721062154568497
"RSI, Upper_BB, Lower_BB, CCI, ATR, OBV",60,30,-0.594007072594114,28.270042194092827,0.8963631625988566
"RSI, Upper_BB, Lower_BB, CCI, ATR, OBV",5,1,0.9712126209371651,97.5609756097561,0.8321621192587138
"RSI, Upper_BB, Lower_BB, CCI, Williams_%R, OBV",60,1,0.9553255109160724,96.66666666666667,0.9010364709687961
"RSI, Upper_BB, Lower_BB, CCI, Williams_%R, OBV",60,30,-0.7056676095802954,17.72151898734177,0.7050319160941879
"RSI, Upper_BB, Lower_BB, CCI, Williams_%R, OBV",5,1,0.9709806594874161,97.96747967479675,0.7682497385543721
"RSI, Upper_BB, Lower_BB, ATR, Williams_%R, OBV",60,1,0.9567027915771432,97.08333333333333,0.9072517299492533
"RSI, Upper_BB, Lower_BB, ATR, Williams_%R, OBV",60,30,-0.8399052717430475,26.582278481012654,0.7285468306246404
"RSI, Upper_BB, Lower_BB, ATR, Williams_%R, OBV",5,1,0.9710145822906099,97.5609756097561,0.8738917861146972
"RSI, Upper_BB, CCI, ATR, Williams_%R, OBV",60,1,0.954640559108427,95.0,0.9807801710806234
"RSI, Upper_BB, CCI, ATR, Williams_%R, OBV",60,30,-0.6583582061271194,27.42616033755274,0.7862768986721097
"RSI, Upper_BB, CCI, ATR, Williams_%R, OBV",5,1,0.971096572575018,98.3739837398374,0.912038465372567
"RSI, Lower_BB, CCI, ATR, Williams_%R, OBV",60,1,0.9547406752420164,94.58333333333333,0.9349022207764724
"RSI, Lower_BB, CCI, ATR, Williams_%R, OBV",60,30,-0.746069898215022,25.738396624472575,0.7198421502689928
"RSI, Lower_BB, CCI, ATR, Williams_%R, OBV",5,1,0.9709472539964609,98.3739837398374,0.8173516271621691
"MACD, Upper_BB, Lower_BB, CCI, ATR, Williams_%R",60,1,0.9577141451778775,96.66666666666667,0.7739872574690303
"MACD, Upper_BB, Lower_BB, CCI, ATR, Williams_%R",60,30,-0.2682551897692893,23.628691983122362,0.7621967785789575
"MACD, Upper_BB, Lower_BB, CCI, ATR, Williams_%R",5,1,0.9709046761439236,97.5609756097561,0.8386305734323012
"MACD, Upper_BB, Lower_BB, CCI, ATR, OBV",60,1,0.9580919759376066,96.66666666666667,0.9119801519351176
"MACD, Upper_BB, Lower_BB, CCI, ATR, OBV",60,30,-0.2568720670374198,27.42616033755274,0.8892988692156422
"MACD, Upper_BB, Lower_BB, CCI, ATR, OBV",5,1,0.970590360403506,97.5609756097561,0.7983780837746702
"MACD, Upper_BB, Lower_BB, CCI, Williams_%R, OBV",60,1,0.9577091527084057,96.25,0.9437814500361128
"MACD, Upper_BB, Lower_BB, CCI, Williams_%R, OBV",60,30,-0.2646712958513251,16.877637130801688,0.7929537138833939
"MACD, Upper_BB, Lower_BB, CCI, Williams_%R, OBV",5,1,0.9704637378622454,97.5609756097561,0.719584505881484
"MACD, Upper_BB, Lower_BB, ATR, Williams_%R, OBV",60,1,0.9581970867865224,97.5,0.9452259604314348
"MACD, Upper_BB, Lower_BB, ATR, Williams_%R, OBV",60,30,-0.4037067100800704,28.270042194092827,0.7198863972701389
"MACD, Upper_BB, Lower_BB, ATR, Williams_%R, OBV",5,1,0.9704396081668751,97.5609756097561,0.818471999083911
"MACD, Upper_BB, CCI, ATR, Williams_%R, OBV",60,1,0.9569293788013493,96.25,0.8443178400806722
"MACD, Upper_BB, CCI, ATR, Williams_%R, OBV",60,30,-0.5216596967768921,29.535864978902953,0.8662603480563086
"MACD, Upper_BB, CCI, ATR, Williams_%R, OBV",5,1,0.9707440578982952,97.5609756097561,0.8832920260895446
"MACD, Lower_BB, CCI, ATR, Williams_%R, OBV",60,1,0.9571218101423244,96.25,0.9491510761837729
"MACD, Lower_BB, CCI, ATR, Williams_%R, OBV",60,30,-0.5361088151900963,25.31645569620253,0.8433042446825195
"MACD, Lower_BB, CCI, ATR, Williams_%R, OBV",5,1,0.970718199568874,97.96747967479675,0.8084900739354592
"Upper_BB, Lower_BB, CCI, ATR, Williams_%R, OBV",60,1,0.9561577164536353,96.25,0.8753138981774741
"Upper_BB, Lower_BB, CCI, ATR, Williams_%R, OBV",60,30,-0.5900750465017246,25.31645569620253,0.9273830666520505
"Upper_BB, Lower_BB, CCI, ATR, Williams_%R, OBV",5,1,0.9705816747308464,97.5609756097561,0.8538892418729991
